Year,Rank,Gold
1.2343526861009013,-1.3398225305716869,40
1.2343526861009013,-1.2941680929545527,40
1.2343526861009013,-1.2485136553374185,20
1.2343526861009013,-1.2028592177202844,18
1.2343526861009013,-1.1572047801031502,16
1.2343526861009013,-1.111550342486016,15
1.2343526861009013,-1.065895904868882,14
1.2343526861009013,-1.020241467251748,13
1.2343526861009013,-0.9745870296346136,12
1.2343526861009013,-0.9289325920174795,12
1.2343526861009013,-0.8832781544003454,10
1.2343526861009013,-0.8376237167832112,9
1.2343526861009013,-0.7919692791660771,8
1.2343526861009013,-0.7463148415489429,6
1.2343526861009013,-0.7006604039318087,5
1.2343526861009013,-0.6550059663146746,4
1.2343526861009013,-0.6093515286975404,4
1.2343526861009013,-0.5636970910804062,4
1.2343526861009013,-0.518042653463272,4
1.2343526861009013,-0.47238821584613794,3
1.2343526861009013,-0.42673377822900377,3
1.2343526861009013,-0.3810793406118696,3
1.2343526861009013,-0.3354249029947355,3
1.2343526861009013,-0.2897704653776013,3
1.2343526861009013,-0.24411602776046715,3
1.2343526861009013,-0.198461590143333,3
1.2343526861009013,-0.15280715252619884,3
1.2343526861009013,-0.10715271490906468,3
1.2343526861009013,-0.06149827729193052,2
1.2343526861009013,-0.015843839674796363,2
1.2343526861009013,-0.015843839674796363,2
1.2343526861009013,0.07546503555947195,2
1.2343526861009013,0.12111947317660611,2
1.2343526861009013,0.16677391079374027,2
1.2343526861009013,0.21242834841087443,2
1.2343526861009013,0.2580827860280086,2
1.2343526861009013,0.3037372236451427,2
1.2343526861009013,0.3037372236451427,2
1.2343526861009013,0.39504609887941106,2
1.2343526861009013,0.39504609887941106,2
1.2343526861009013,0.4863549741136794,1
1.2343526861009013,0.5320094117308135,1
1.2343526861009013,0.5776638493479477,1
1.2343526861009013,0.6233182869650818,1
1.2343526861009013,0.6233182869650818,1
1.2343526861009013,0.6233182869650818,1
1.2343526861009013,0.0,1
1.2343526861009013,0.7602815998164844,1
1.2343526861009013,0.8059360374336185,1
1.2343526861009013,0.8515904750507526,1
1.2343526861009013,0.8972449126678868,1
1.2343526861009013,0.9428993502850209,1
1.2343526861009013,0.9885537879021551,1
1.2343526861009013,0.9885537879021551,1
1.2343526861009013,0.9885537879021551,1
1.2343526861009013,1.1255171007535576,1
1.2343526861009013,1.1255171007535576,1
1.2343526861009013,1.1255171007535576,1
1.2343526861009013,1.1255171007535576,1
1.2343526861009013,1.3081348512220943,1
1.2343526861009013,1.3537892888392284,1
1.2343526861009013,1.3537892888392284,1
1.2343526861009013,1.4450981640734966,1
1.2343526861009013,1.4450981640734966,1
1.2343526861009013,1.536407039307765,0
1.2343526861009013,1.582061476924899,0
1.2343526861009013,1.6277159145420332,0
1.2343526861009013,1.6277159145420332,0
1.2343526861009013,1.7190247897763014,0
1.2343526861009013,1.7190247897763014,0
1.2343526861009013,1.8103336650105697,0
1.2343526861009013,1.8559881026277039,0
1.2343526861009013,1.901642540244838,0
1.2343526861009013,1.9472969778619722,0
1.2343526861009013,1.9929514154791064,0
1.2343526861009013,1.9929514154791064,0
1.2343526861009013,1.9929514154791064,0
1.2343526861009013,1.9929514154791064,0
1.2343526861009013,1.9929514154791064,0
1.2343526861009013,2.221223603564777,0
1.2343526861009013,2.2668780411819114,0
1.2343526861009013,2.2668780411819114,0
1.2343526861009013,2.2668780411819114,0
1.2343526861009013,2.2668780411819114,0
1.2343526861009013,2.449495791650448,0
1.2343526861009013,2.449495791650448,0
1.2343526861009013,2.449495791650448,0
1.2343526861009013,2.449495791650448,0
1.2343526861009013,2.449495791650448,0
1.2343526861009013,2.449495791650448,0
1.2343526861009013,2.449495791650448,0
1.2343526861009013,2.449495791650448,0
1.1170752971078555,-1.3398225305716869,39
1.1170752971078555,-1.2941680929545527,38
1.1170752971078555,-1.2485136553374185,27
1.1170752971078555,-1.2028592177202844,22
1.1170752971078555,-1.1572047801031502,20
1.1170752971078555,-1.111550342486016,17
1.1170752971078555,-1.065895904868882,10
1.1170752971078555,-1.020241467251748,10
1.1170752971078555,-0.9745870296346136,10
1.1170752971078555,-0.9289325920174795,10
1.1170752971078555,-0.8832781544003454,7
1.1170752971078555,-0.8376237167832112,7
1.1170752971078555,-0.7919692791660771,7
1.1170752971078555,-0.7463148415489429,7
1.1170752971078555,-0.7006604039318087,6
1.1170752971078555,-0.6550059663146746,6
1.1170752971078555,-0.6093515286975404,4
1.1170752971078555,-0.5636970910804062,4
1.1170752971078555,-0.518042653463272,4
1.1170752971078555,-0.47238821584613794,4
1.1170752971078555,-0.42673377822900377,4
1.1170752971078555,-0.3810793406118696,3
1.1170752971078555,-0.3354249029947355,3
1.1170752971078555,-0.2897704653776013,3
1.1170752971078555,-0.24411602776046715,3
1.1170752971078555,-0.198461590143333,3
1.1170752971078555,-0.15280715252619884,3
1.1170752971078555,-0.10715271490906468,3
1.1170752971078555,-0.06149827729193052,3
1.1170752971078555,-0.015843839674796363,3
1.1170752971078555,0.029810597942337796,3
1.1170752971078555,0.07546503555947195,3
1.1170752971078555,0.12111947317660611,2
1.1170752971078555,0.16677391079374027,2
1.1170752971078555,0.21242834841087443,2
1.1170752971078555,0.2580827860280086,2
1.1170752971078555,0.2580827860280086,2
1.1170752971078555,0.3493916612622769,2
1.1170752971078555,0.39504609887941106,2
1.1170752971078555,0.39504609887941106,2
1.1170752971078555,0.4863549741136794,2
1.1170752971078555,0.5320094117308135,2
1.1170752971078555,0.5320094117308135,2
1.1170752971078555,0.6233182869650818,1
1.1170752971078555,0.668972724582216,1
1.1170752971078555,0.7146271621993502,1
1.1170752971078555,0.7146271621993502,1
1.1170752971078555,0.8059360374336185,1
1.1170752971078555,0.8515904750507526,1
1.1170752971078555,0.8972449126678868,1
1.1170752971078555,0.8972449126678868,1
1.1170752971078555,0.9885537879021551,1
1.1170752971078555,1.0342082255192893,1
1.1170752971078555,1.0798626631364234,1
1.1170752971078555,1.1255171007535576,1
1.1170752971078555,1.1711715383706918,1
1.1170752971078555,1.1711715383706918,1
1.1170752971078555,1.26248041360496,1
1.1170752971078555,1.3081348512220943,1
1.1170752971078555,1.3081348512220943,1
1.1170752971078555,1.3081348512220943,1
1.1170752971078555,1.3081348512220943,1
1.1170752971078555,1.4907526016906307,1
1.1170752971078555,1.4907526016906307,1
1.1170752971078555,1.4907526016906307,1
1.1170752971078555,1.6277159145420332,0
1.1170752971078555,1.6733703521591674,0
1.1170752971078555,1.7190247897763014,0
1.1170752971078555,1.7646792273934355,0
1.1170752971078555,1.8103336650105697,0
1.1170752971078555,1.8559881026277039,0
1.1170752971078555,1.901642540244838,0
1.1170752971078555,1.901642540244838,0
1.1170752971078555,1.9929514154791064,0
1.1170752971078555,1.9929514154791064,0
1.1170752971078555,1.9929514154791064,0
1.1170752971078555,2.1299147283305087,0
1.1170752971078555,2.1299147283305087,0
1.1170752971078555,2.1299147283305087,0
1.1170752971078555,2.1299147283305087,0
1.1170752971078555,2.1299147283305087,0
1.1170752971078555,2.1299147283305087,0
1.1170752971078555,2.4038413540333137,0
1.1170752971078555,2.449495791650448,0
1.1170752971078555,2.495150229267582,0
1.1170752971078555,2.5408046668847164,0
1.1170752971078555,2.5408046668847164,0
1.1170752971078555,2.5408046668847164,0
1.1170752971078555,2.5408046668847164,0
1.1170752971078555,2.5408046668847164,0
1.1170752971078555,2.5408046668847164,0
1.1170752971078555,2.5408046668847164,0
1.1170752971078555,2.5408046668847164,0
0.9997979081148097,-1.3398225305716869,46
0.9997979081148097,-1.2941680929545527,27
0.9997979081148097,-1.2485136553374185,26
0.9997979081148097,-1.2028592177202844,19
0.9997979081148097,-1.1572047801031502,17
0.9997979081148097,-1.111550342486016,12
0.9997979081148097,-1.065895904868882,10
0.9997979081148097,-1.020241467251748,9
0.9997979081148097,-0.9745870296346136,8
0.9997979081148097,-0.9289325920174795,8
0.9997979081148097,-0.8832781544003454,8
0.9997979081148097,-0.8376237167832112,8
0.9997979081148097,-0.7919692791660771,7
0.9997979081148097,-0.7463148415489429,7
0.9997979081148097,-0.7006604039318087,6
0.9997979081148097,-0.6550059663146746,6
0.9997979081148097,-0.6093515286975404,5
0.9997979081148097,-0.5636970910804062,5
0.9997979081148097,-0.518042653463272,4
0.9997979081148097,-0.47238821584613794,4
0.9997979081148097,-0.42673377822900377,4
0.9997979081148097,-0.3810793406118696,3
0.9997979081148097,-0.3354249029947355,3
0.9997979081148097,-0.2897704653776013,3
0.9997979081148097,-0.24411602776046715,3
0.9997979081148097,-0.198461590143333,3
0.9997979081148097,-0.15280715252619884,2
0.9997979081148097,-0.10715271490906468,2
0.9997979081148097,-0.06149827729193052,2
0.9997979081148097,-0.015843839674796363,2
0.9997979081148097,0.029810597942337796,2
0.9997979081148097,0.07546503555947195,2
0.9997979081148097,0.12111947317660611,2
0.9997979081148097,0.16677391079374027,2
0.9997979081148097,0.21242834841087443,2
0.9997979081148097,0.21242834841087443,2
0.9997979081148097,0.3037372236451427,2
0.9997979081148097,0.3493916612622769,2
0.9997979081148097,0.39504609887941106,1
0.9997979081148097,0.4407005364965452,1
0.9997979081148097,0.4863549741136794,1
0.9997979081148097,0.5320094117308135,1
0.9997979081148097,0.5776638493479477,1
0.9997979081148097,0.6233182869650818,1
0.9997979081148097,0.668972724582216,1
0.9997979081148097,0.7146271621993502,1
0.9997979081148097,0.7602815998164844,1
0.9997979081148097,0.8059360374336185,1
0.9997979081148097,0.8059360374336185,1
0.9997979081148097,0.8972449126678868,1
0.9997979081148097,0.9428993502850209,1
0.9997979081148097,0.9428993502850209,1
0.9997979081148097,0.9428993502850209,1
0.9997979081148097,1.0798626631364234,1
0.9997979081148097,1.0798626631364234,1
0.9997979081148097,1.0798626631364234,1
0.9997979081148097,1.0798626631364234,1
0.9997979081148097,1.0798626631364234,1
0.9997979081148097,1.0798626631364234,1
0.9997979081148097,1.3537892888392284,0
0.9997979081148097,1.3994437264563626,0
0.9997979081148097,1.4450981640734966,0
0.9997979081148097,1.4907526016906307,0
0.9997979081148097,1.4907526016906307,0
0.9997979081148097,1.582061476924899,0
0.9997979081148097,1.6277159145420332,0
0.9997979081148097,1.6733703521591674,0
0.9997979081148097,1.6733703521591674,0
0.9997979081148097,1.7646792273934355,0
0.9997979081148097,1.7646792273934355,0
0.9997979081148097,1.7646792273934355,0
0.9997979081148097,1.7646792273934355,0
0.9997979081148097,1.7646792273934355,0
0.9997979081148097,1.9929514154791064,0
0.9997979081148097,2.0386058530962408,0
0.9997979081148097,2.0386058530962408,0
0.9997979081148097,2.1299147283305087,0
0.9997979081148097,2.175569165947643,0
0.9997979081148097,2.175569165947643,0
0.9997979081148097,2.175569165947643,0
0.9997979081148097,2.175569165947643,0
0.9997979081148097,2.175569165947643,0
0.9997979081148097,2.175569165947643,0
0.9997979081148097,2.175569165947643,0
0.9997979081148097,2.175569165947643,0
0.9997979081148097,2.175569165947643,0
0.8825205191217639,-1.3398225305716869,48
0.8825205191217639,-1.2941680929545527,39
0.8825205191217639,-1.2485136553374185,29
0.8825205191217639,-1.2028592177202844,18
0.8825205191217639,-1.1572047801031502,13
0.8825205191217639,-1.111550342486016,11
0.8825205191217639,-1.065895904868882,11
0.8825205191217639,-1.020241467251748,8
0.8825205191217639,-0.9745870296346136,8
0.8825205191217639,-0.9289325920174795,8
0.8825205191217639,-0.8832781544003454,7
0.8825205191217639,-0.8376237167832112,7
0.8825205191217639,-0.7919692791660771,6
0.8825205191217639,-0.7463148415489429,6
0.8825205191217639,-0.7006604039318087,5
0.8825205191217639,-0.6550059663146746,5
0.8825205191217639,-0.6093515286975404,4
0.8825205191217639,-0.5636970910804062,4
0.8825205191217639,-0.518042653463272,4
0.8825205191217639,-0.47238821584613794,4
0.8825205191217639,-0.42673377822900377,4
0.8825205191217639,-0.3810793406118696,3
0.8825205191217639,-0.3354249029947355,3
0.8825205191217639,-0.3354249029947355,3
0.8825205191217639,-0.24411602776046715,3
0.8825205191217639,-0.198461590143333,3
0.8825205191217639,-0.15280715252619884,2
0.8825205191217639,-0.10715271490906468,2
0.8825205191217639,-0.06149827729193052,2
0.8825205191217639,-0.015843839674796363,2
0.8825205191217639,0.029810597942337796,2
0.8825205191217639,0.07546503555947195,2
0.8825205191217639,0.12111947317660611,2
0.8825205191217639,0.16677391079374027,2
0.8825205191217639,0.21242834841087443,2
0.8825205191217639,0.2580827860280086,2
0.8825205191217639,0.3037372236451427,1
0.8825205191217639,0.3493916612622769,1
0.8825205191217639,0.39504609887941106,1
0.8825205191217639,0.4407005364965452,1
0.8825205191217639,0.4863549741136794,1
0.8825205191217639,0.5320094117308135,1
0.8825205191217639,0.5320094117308135,1
0.8825205191217639,0.5320094117308135,1
0.8825205191217639,0.5320094117308135,1
0.8825205191217639,0.7146271621993502,1
0.8825205191217639,0.7602815998164844,1
0.8825205191217639,0.8059360374336185,1
0.8825205191217639,0.8059360374336185,1
0.8825205191217639,0.8972449126678868,1
0.8825205191217639,0.8972449126678868,1
0.8825205191217639,0.8972449126678868,1
0.8825205191217639,0.8972449126678868,1
0.8825205191217639,0.8972449126678868,1
0.8825205191217639,0.8972449126678868,1
0.8825205191217639,1.1711715383706918,0
0.8825205191217639,1.216825975987826,0
0.8825205191217639,1.26248041360496,0
0.8825205191217639,1.3081348512220943,0
0.8825205191217639,1.3537892888392284,0
0.8825205191217639,1.3537892888392284,0
0.8825205191217639,1.3537892888392284,0
0.8825205191217639,1.4907526016906307,0
0.8825205191217639,1.536407039307765,0
0.8825205191217639,1.582061476924899,0
0.8825205191217639,1.582061476924899,0
0.8825205191217639,1.582061476924899,0
0.8825205191217639,1.582061476924899,0
0.8825205191217639,1.582061476924899,0
0.8825205191217639,1.8103336650105697,0
0.8825205191217639,1.8103336650105697,0
0.8825205191217639,1.8103336650105697,0
0.8825205191217639,1.8103336650105697,0
0.8825205191217639,1.8103336650105697,0
0.8825205191217639,1.8103336650105697,0
0.8825205191217639,2.0842602907133747,0
0.8825205191217639,2.1299147283305087,0
0.8825205191217639,2.1299147283305087,0
0.8825205191217639,2.221223603564777,0
0.8825205191217639,2.221223603564777,0
0.8825205191217639,2.221223603564777,0
0.8825205191217639,2.221223603564777,0
0.8825205191217639,2.221223603564777,0
0.8825205191217639,2.221223603564777,0
0.8825205191217639,2.221223603564777,0
0.8825205191217639,2.221223603564777,0
0.765243130128718,-1.3398225305716869,48
0.765243130128718,-1.2941680929545527,36
0.765243130128718,-1.2485136553374185,24
0.765243130128718,-1.2028592177202844,19
0.765243130128718,-1.1572047801031502,16
0.765243130128718,-1.111550342486016,14
0.765243130128718,-1.065895904868882,13
0.765243130128718,-1.020241467251748,9
0.765243130128718,-0.9745870296346136,8
0.765243130128718,-0.9289325920174795,7
0.765243130128718,-0.8832781544003454,7
0.765243130128718,-0.8376237167832112,7
0.765243130128718,-0.7919692791660771,6
0.765243130128718,-0.7463148415489429,5
0.765243130128718,-0.7006604039318087,5
0.765243130128718,-0.6550059663146746,4
0.765243130128718,-0.6093515286975404,4
0.765243130128718,-0.5636970910804062,4
0.765243130128718,-0.518042653463272,3
0.765243130128718,-0.47238821584613794,3
0.765243130128718,-0.42673377822900377,3
0.765243130128718,-0.3810793406118696,3
0.765243130128718,-0.3354249029947355,3
0.765243130128718,-0.2897704653776013,3
0.765243130128718,-0.24411602776046715,3
0.765243130128718,-0.198461590143333,3
0.765243130128718,-0.15280715252619884,3
0.765243130128718,-0.10715271490906468,3
0.765243130128718,-0.06149827729193052,2
0.765243130128718,-0.015843839674796363,2
0.765243130128718,0.029810597942337796,2
0.765243130128718,0.029810597942337796,2
0.765243130128718,0.12111947317660611,2
0.765243130128718,0.16677391079374027,2
0.765243130128718,0.21242834841087443,2
0.765243130128718,0.2580827860280086,2
0.765243130128718,0.3037372236451427,2
0.765243130128718,0.3493916612622769,1
0.765243130128718,0.39504609887941106,1
0.765243130128718,0.4407005364965452,1
0.765243130128718,0.4407005364965452,1
0.765243130128718,0.5320094117308135,1
0.765243130128718,0.5320094117308135,1
0.765243130128718,0.6233182869650818,1
0.765243130128718,0.6233182869650818,1
0.765243130128718,0.7146271621993502,1
0.765243130128718,0.7602815998164844,1
0.765243130128718,0.7602815998164844,1
0.765243130128718,0.7602815998164844,1
0.765243130128718,0.7602815998164844,1
0.765243130128718,0.9428993502850209,1
0.765243130128718,0.9885537879021551,1
0.765243130128718,1.0342082255192893,1
0.765243130128718,1.0342082255192893,1
0.765243130128718,1.0342082255192893,1
0.765243130128718,1.1711715383706918,0
0.765243130128718,1.216825975987826,0
0.765243130128718,1.216825975987826,0
0.765243130128718,1.3081348512220943,0
0.765243130128718,1.3537892888392284,0
0.765243130128718,1.3537892888392284,0
0.765243130128718,1.4450981640734966,0
0.765243130128718,1.4907526016906307,0
0.765243130128718,1.536407039307765,0
0.765243130128718,1.536407039307765,0
0.765243130128718,1.536407039307765,0
0.765243130128718,1.536407039307765,0
0.765243130128718,1.7190247897763014,0
0.765243130128718,1.7190247897763014,0
0.765243130128718,1.7190247897763014,0
0.765243130128718,1.7190247897763014,0
0.765243130128718,1.901642540244838,0
0.765243130128718,1.901642540244838,0
0.765243130128718,1.901642540244838,0
0.765243130128718,1.901642540244838,0
0.765243130128718,1.901642540244838,0
0.765243130128718,1.901642540244838,0
0.765243130128718,1.901642540244838,0
0.765243130128718,1.901642540244838,0
0.765243130128718,1.901642540244838,0
0.765243130128718,2.3125324787990453,0
0.765243130128718,2.3581869164161797,0
0.765243130128718,2.3581869164161797,0
0.765243130128718,2.3581869164161797,0
0.765243130128718,2.3581869164161797,0
0.765243130128718,2.3581869164161797,0
0.765243130128718,2.3581869164161797,0
0.6479657411356722,-1.3398225305716869,36
0.6479657411356722,-1.2941680929545527,32
0.6479657411356722,-1.2485136553374185,28
0.6479657411356722,-1.2028592177202844,17
0.6479657411356722,-1.1572047801031502,16
0.6479657411356722,-1.111550342486016,13
0.6479657411356722,-1.065895904868882,11
0.6479657411356722,-1.020241467251748,10
0.6479657411356722,-0.9745870296346136,9
0.6479657411356722,-0.9289325920174795,9
0.6479657411356722,-0.8832781544003454,9
0.6479657411356722,-0.8376237167832112,8
0.6479657411356722,-0.7919692791660771,8
0.6479657411356722,-0.7463148415489429,8
0.6479657411356722,-0.7006604039318087,6
0.6479657411356722,-0.6550059663146746,5
0.6479657411356722,-0.6093515286975404,5
0.6479657411356722,-0.5636970910804062,4
0.6479657411356722,-0.518042653463272,4
0.6479657411356722,-0.47238821584613794,3
0.6479657411356722,-0.42673377822900377,3
0.6479657411356722,-0.3810793406118696,3
0.6479657411356722,-0.3354249029947355,3
0.6479657411356722,-0.2897704653776013,3
0.6479657411356722,-0.24411602776046715,3
0.6479657411356722,-0.198461590143333,2
0.6479657411356722,-0.15280715252619884,2
0.6479657411356722,-0.10715271490906468,2
0.6479657411356722,-0.06149827729193052,2
0.6479657411356722,-0.06149827729193052,2
0.6479657411356722,0.029810597942337796,2
0.6479657411356722,0.07546503555947195,2
0.6479657411356722,0.12111947317660611,2
0.6479657411356722,0.16677391079374027,2
0.6479657411356722,0.21242834841087443,2
0.6479657411356722,0.21242834841087443,2
0.6479657411356722,0.3037372236451427,2
0.6479657411356722,0.3493916612622769,2
0.6479657411356722,0.39504609887941106,2
0.6479657411356722,0.4407005364965452,1
0.6479657411356722,0.4863549741136794,1
0.6479657411356722,0.5320094117308135,1
0.6479657411356722,0.5776638493479477,1
0.6479657411356722,0.6233182869650818,1
0.6479657411356722,0.668972724582216,1
0.6479657411356722,0.7146271621993502,1
0.6479657411356722,0.7146271621993502,1
0.6479657411356722,0.8059360374336185,1
0.6479657411356722,0.8515904750507526,1
0.6479657411356722,0.8972449126678868,1
0.6479657411356722,0.9428993502850209,1
0.6479657411356722,0.9885537879021551,1
0.6479657411356722,0.9885537879021551,1
0.6479657411356722,1.0798626631364234,1
0.6479657411356722,1.0798626631364234,1
0.6479657411356722,1.0798626631364234,1
0.6479657411356722,1.216825975987826,0
0.6479657411356722,1.26248041360496,0
0.6479657411356722,1.3081348512220943,0
0.6479657411356722,1.3537892888392284,0
0.6479657411356722,1.3994437264563626,0
0.6479657411356722,1.3994437264563626,0
0.6479657411356722,1.4907526016906307,0
0.6479657411356722,1.536407039307765,0
0.6479657411356722,1.582061476924899,0
0.6479657411356722,1.582061476924899,0
0.6479657411356722,1.582061476924899,0
0.6479657411356722,1.7190247897763014,0
0.6479657411356722,1.7190247897763014,0
0.6479657411356722,1.7190247897763014,0
0.6479657411356722,1.8559881026277039,0
0.6479657411356722,1.8559881026277039,0
0.6479657411356722,1.8559881026277039,0
0.6479657411356722,1.8559881026277039,0
0.5306883521426264,-1.3398225305716869,37
0.5306883521426264,-1.2941680929545527,32
0.5306883521426264,-1.2485136553374185,28
0.5306883521426264,-1.2028592177202844,16
0.5306883521426264,-1.1572047801031502,13
0.5306883521426264,-1.111550342486016,13
0.5306883521426264,-1.065895904868882,13
0.5306883521426264,-1.020241467251748,12
0.5306883521426264,-0.9745870296346136,11
0.5306883521426264,-0.9289325920174795,11
0.5306883521426264,-0.8832781544003454,11
0.5306883521426264,-0.8376237167832112,8
0.5306883521426264,-0.7919692791660771,8
0.5306883521426264,-0.7463148415489429,6
0.5306883521426264,-0.7006604039318087,5
0.5306883521426264,-0.6550059663146746,5
0.5306883521426264,-0.6093515286975404,4
0.5306883521426264,-0.5636970910804062,4
0.5306883521426264,-0.518042653463272,4
0.5306883521426264,-0.47238821584613794,4
0.5306883521426264,-0.42673377822900377,3
0.5306883521426264,-0.3810793406118696,3
0.5306883521426264,-0.3354249029947355,3
0.5306883521426264,-0.2897704653776013,3
0.5306883521426264,-0.24411602776046715,3
0.5306883521426264,-0.198461590143333,3
0.5306883521426264,-0.15280715252619884,3
0.5306883521426264,-0.10715271490906468,2
0.5306883521426264,-0.06149827729193052,2
0.5306883521426264,-0.015843839674796363,2
0.5306883521426264,0.029810597942337796,2
0.5306883521426264,0.07546503555947195,2
0.5306883521426264,0.12111947317660611,2
0.5306883521426264,0.16677391079374027,2
0.5306883521426264,0.16677391079374027,2
0.5306883521426264,0.2580827860280086,2
0.5306883521426264,0.3037372236451427,1
0.5306883521426264,0.3493916612622769,1
0.5306883521426264,0.39504609887941106,1
0.5306883521426264,0.4407005364965452,1
0.5306883521426264,0.4863549741136794,1
0.5306883521426264,0.5320094117308135,1
0.5306883521426264,0.5776638493479477,1
0.5306883521426264,0.6233182869650818,1
0.5306883521426264,0.6233182869650818,1
0.5306883521426264,0.7146271621993502,1
0.5306883521426264,0.7602815998164844,1
0.5306883521426264,0.7602815998164844,1
0.5306883521426264,0.8515904750507526,1
0.5306883521426264,0.8972449126678868,1
0.5306883521426264,0.8972449126678868,1
0.5306883521426264,0.8972449126678868,1
0.5306883521426264,1.0342082255192893,0
0.5306883521426264,1.0798626631364234,0
0.5306883521426264,1.1255171007535576,0
0.5306883521426264,1.1255171007535576,0
0.5306883521426264,1.216825975987826,0
0.5306883521426264,1.26248041360496,0
0.5306883521426264,1.26248041360496,0
0.5306883521426264,1.3537892888392284,0
0.5306883521426264,1.3994437264563626,0
0.5306883521426264,1.3994437264563626,0
0.5306883521426264,1.3994437264563626,0
0.5306883521426264,1.536407039307765,0
0.5306883521426264,1.536407039307765,0
0.5306883521426264,1.536407039307765,0
0.5306883521426264,1.536407039307765,0
0.5306883521426264,1.7190247897763014,0
0.5306883521426264,1.7646792273934355,0
0.5306883521426264,1.7646792273934355,0
0.5306883521426264,1.8559881026277039,0
0.5306883521426264,1.8559881026277039,0
0.5306883521426264,1.8559881026277039,0
0.5306883521426264,1.8559881026277039,0
0.5306883521426264,1.8559881026277039,0
0.5306883521426264,1.8559881026277039,0
0.5306883521426264,1.8559881026277039,0
0.5306883521426264,1.8559881026277039,0
0.5306883521426264,1.8559881026277039,0
0.5306883521426264,1.8559881026277039,0
0.4134109631495806,-1.3398225305716869,44
0.4134109631495806,-1.2941680929545527,26
0.4134109631495806,-1.2485136553374185,20
0.4134109631495806,-1.2028592177202844,16
0.4134109631495806,-1.1572047801031502,15
0.4134109631495806,-1.111550342486016,13
0.4134109631495806,-1.065895904868882,9
0.4134109631495806,-1.020241467251748,9
0.4134109631495806,-0.9745870296346136,9
0.4134109631495806,-0.9289325920174795,7
0.4134109631495806,-0.8832781544003454,7
0.4134109631495806,-0.8376237167832112,7
0.4134109631495806,-0.7919692791660771,5
0.4134109631495806,-0.7463148415489429,4
0.4134109631495806,-0.7006604039318087,4
0.4134109631495806,-0.6550059663146746,4
0.4134109631495806,-0.6093515286975404,4
0.4134109631495806,-0.5636970910804062,4
0.4134109631495806,-0.518042653463272,4
0.4134109631495806,-0.518042653463272,4
0.4134109631495806,-0.42673377822900377,3
0.4134109631495806,-0.3810793406118696,3
0.4134109631495806,-0.3354249029947355,3
0.4134109631495806,-0.2897704653776013,3
0.4134109631495806,-0.24411602776046715,3
0.4134109631495806,-0.198461590143333,3
0.4134109631495806,-0.15280715252619884,3
0.4134109631495806,-0.10715271490906468,3
0.4134109631495806,-0.06149827729193052,2
0.4134109631495806,-0.015843839674796363,2
0.4134109631495806,0.029810597942337796,2
0.4134109631495806,0.07546503555947195,2
0.4134109631495806,0.12111947317660611,2
0.4134109631495806,0.16677391079374027,2
0.4134109631495806,0.16677391079374027,2
0.4134109631495806,0.2580827860280086,1
0.4134109631495806,0.3037372236451427,1
0.4134109631495806,0.3493916612622769,1
0.4134109631495806,0.39504609887941106,1
0.4134109631495806,0.4407005364965452,1
0.4134109631495806,0.4863549741136794,1
0.4134109631495806,0.4863549741136794,1
0.4134109631495806,0.5776638493479477,1
0.4134109631495806,0.5776638493479477,1
0.4134109631495806,0.668972724582216,1
0.4134109631495806,0.668972724582216,1
0.4134109631495806,0.7602815998164844,1
0.4134109631495806,0.7602815998164844,1
0.4134109631495806,0.8515904750507526,1
0.4134109631495806,0.8515904750507526,1
0.4134109631495806,0.8515904750507526,1
0.4134109631495806,0.8515904750507526,1
0.4134109631495806,0.8515904750507526,1
0.4134109631495806,1.0798626631364234,0
0.4134109631495806,1.1255171007535576,0
0.4134109631495806,1.1255171007535576,0
0.4134109631495806,1.216825975987826,0
0.4134109631495806,1.26248041360496,0
0.4134109631495806,1.26248041360496,0
0.4134109631495806,1.26248041360496,0
0.4134109631495806,1.3994437264563626,0
0.4134109631495806,1.3994437264563626,0
0.4134109631495806,1.3994437264563626,0
0.4134109631495806,1.3994437264563626,0
0.4134109631495806,1.3994437264563626,0
0.4134109631495806,1.3994437264563626,0
0.4134109631495806,1.3994437264563626,0
0.4134109631495806,1.7190247897763014,0
0.4134109631495806,1.7190247897763014,0
0.4134109631495806,1.7190247897763014,0
0.4134109631495806,1.8559881026277039,0
0.4134109631495806,1.8559881026277039,0
0.4134109631495806,1.8559881026277039,0
0.4134109631495806,1.8559881026277039,0
0.4134109631495806,1.8559881026277039,0
0.4134109631495806,1.8559881026277039,0
0.4134109631495806,1.8559881026277039,0
0.4134109631495806,1.8559881026277039,0
0.4134109631495806,1.8559881026277039,0
0.29613357415653474,-1.3398225305716869,45
0.29613357415653474,-1.2941680929545527,37
0.29613357415653474,-1.2485136553374185,33
0.29613357415653474,-1.2028592177202844,16
0.29613357415653474,-1.1572047801031502,14
0.29613357415653474,-1.111550342486016,13
0.29613357415653474,-1.065895904868882,12
0.29613357415653474,-1.020241467251748,11
0.29613357415653474,-0.9745870296346136,8
0.29613357415653474,-0.9289325920174795,7
0.29613357415653474,-0.8832781544003454,7
0.29613357415653474,-0.8376237167832112,6
0.29613357415653474,-0.7919692791660771,5
0.29613357415653474,-0.7463148415489429,4
0.29613357415653474,-0.7006604039318087,4
0.29613357415653474,-0.6550059663146746,4
0.29613357415653474,-0.6093515286975404,3
0.29613357415653474,-0.5636970910804062,3
0.29613357415653474,-0.518042653463272,3
0.29613357415653474,-0.47238821584613794,2
0.29613357415653474,-0.42673377822900377,2
0.29613357415653474,-0.3810793406118696,2
0.29613357415653474,-0.3354249029947355,2
0.29613357415653474,-0.2897704653776013,2
0.29613357415653474,-0.24411602776046715,2
0.29613357415653474,-0.198461590143333,2
0.29613357415653474,-0.15280715252619884,1
0.29613357415653474,-0.10715271490906468,1
0.29613357415653474,-0.06149827729193052,1
0.29613357415653474,-0.015843839674796363,1
0.29613357415653474,0.029810597942337796,1
0.29613357415653474,0.07546503555947195,1
0.29613357415653474,0.12111947317660611,1
0.29613357415653474,0.16677391079374027,1
0.29613357415653474,0.16677391079374027,1
0.29613357415653474,0.16677391079374027,1
0.29613357415653474,0.3037372236451427,1
0.29613357415653474,0.3493916612622769,0
0.29613357415653474,0.3493916612622769,0
0.29613357415653474,0.4407005364965452,0
0.29613357415653474,0.4863549741136794,0
0.29613357415653474,0.4863549741136794,0
0.29613357415653474,0.4863549741136794,0
0.29613357415653474,0.6233182869650818,0
0.29613357415653474,0.6233182869650818,0
0.29613357415653474,0.6233182869650818,0
0.29613357415653474,0.6233182869650818,0
0.29613357415653474,0.8059360374336185,0
0.29613357415653474,0.8515904750507526,0
0.29613357415653474,0.8515904750507526,0
0.29613357415653474,0.8515904750507526,0
0.29613357415653474,0.9885537879021551,0
0.29613357415653474,0.9885537879021551,0
0.29613357415653474,1.0798626631364234,0
0.29613357415653474,1.0798626631364234,0
0.29613357415653474,1.0798626631364234,0
0.29613357415653474,1.0798626631364234,0
0.29613357415653474,1.0798626631364234,0
0.29613357415653474,1.0798626631364234,0
0.29613357415653474,1.0798626631364234,0
0.29613357415653474,1.0798626631364234,0
0.29613357415653474,1.0798626631364234,0
0.29613357415653474,1.0798626631364234,0
0.29613357415653474,1.0798626631364234,0
0.17885618516348895,-1.3398225305716869,55
0.17885618516348895,-1.2941680929545527,37
0.17885618516348895,-1.2485136553374185,36
0.17885618516348895,-1.2028592177202844,12
0.17885618516348895,-1.1572047801031502,11
0.17885618516348895,-1.111550342486016,11
0.17885618516348895,-1.065895904868882,10
0.17885618516348895,-1.020241467251748,7
0.17885618516348895,-0.9745870296346136,6
0.17885618516348895,-0.9289325920174795,6
0.17885618516348895,-0.8832781544003454,5
0.17885618516348895,-0.8376237167832112,5
0.17885618516348895,-0.7919692791660771,5
0.17885618516348895,-0.7463148415489429,4
0.17885618516348895,-0.7006604039318087,3
0.17885618516348895,-0.6550059663146746,3
0.17885618516348895,-0.6093515286975404,3
0.17885618516348895,-0.5636970910804062,3
0.17885618516348895,-0.518042653463272,3
0.17885618516348895,-0.47238821584613794,2
0.17885618516348895,-0.42673377822900377,2
0.17885618516348895,-0.3810793406118696,2
0.17885618516348895,-0.3354249029947355,2
0.17885618516348895,-0.2897704653776013,1
0.17885618516348895,-0.24411602776046715,1
0.17885618516348895,-0.24411602776046715,1
0.17885618516348895,-0.15280715252619884,1
0.17885618516348895,-0.10715271490906468,1
0.17885618516348895,-0.06149827729193052,1
0.17885618516348895,-0.06149827729193052,1
0.17885618516348895,-0.06149827729193052,1
0.17885618516348895,0.07546503555947195,0
0.17885618516348895,0.12111947317660611,0
0.17885618516348895,0.16677391079374027,0
0.17885618516348895,0.21242834841087443,0
0.17885618516348895,0.2580827860280086,0
0.17885618516348895,0.2580827860280086,0
0.17885618516348895,0.2580827860280086,0
0.17885618516348895,0.2580827860280086,0
0.17885618516348895,0.2580827860280086,0
0.17885618516348895,0.2580827860280086,0
0.17885618516348895,0.2580827860280086,0
0.17885618516348895,0.2580827860280086,0
0.17885618516348895,0.6233182869650818,0
0.17885618516348895,0.6233182869650818,0
0.17885618516348895,0.7146271621993502,0
0.17885618516348895,0.7146271621993502,0
0.17885618516348895,0.7146271621993502,0
0.17885618516348895,0.7146271621993502,0
0.17885618516348895,0.7146271621993502,0
0.17885618516348895,0.7146271621993502,0
0.17885618516348895,0.7146271621993502,0
0.06157879617044313,-1.3398225305716869,83
0.06157879617044313,-1.2941680929545527,20
0.06157879617044313,-1.2485136553374185,17
0.06157879617044313,-1.2028592177202844,15
0.06157879617044313,-1.1572047801031502,14
0.06157879617044313,-1.111550342486016,10
0.06157879617044313,-1.065895904868882,10
0.06157879617044313,-1.020241467251748,8
0.06157879617044313,-0.9745870296346136,7
0.06157879617044313,-0.9289325920174795,6
0.06157879617044313,-0.8832781544003454,5
0.06157879617044313,-0.8376237167832112,5
0.06157879617044313,-0.7919692791660771,5
0.06157879617044313,-0.7463148415489429,4
0.06157879617044313,-0.7006604039318087,4
0.06157879617044313,-0.6550059663146746,2
0.06157879617044313,-0.6093515286975404,2
0.06157879617044313,-0.5636970910804062,2
0.06157879617044313,-0.518042653463272,1
0.06157879617044313,-0.47238821584613794,1
0.06157879617044313,-0.42673377822900377,1
0.06157879617044313,-0.3810793406118696,1
0.06157879617044313,-0.3354249029947355,1
0.06157879617044313,-0.3354249029947355,1
0.06157879617044313,-0.24411602776046715,1
0.06157879617044313,-0.198461590143333,0
0.06157879617044313,-0.15280715252619884,0
0.06157879617044313,-0.10715271490906468,0
0.06157879617044313,-0.10715271490906468,0
0.06157879617044313,-0.015843839674796363,0
0.06157879617044313,-0.015843839674796363,0
0.06157879617044313,-0.015843839674796363,0
0.06157879617044313,0.12111947317660611,0
0.06157879617044313,0.12111947317660611,0
0.06157879617044313,0.12111947317660611,0
0.06157879617044313,0.12111947317660611,0
0.06157879617044313,0.12111947317660611,0
0.06157879617044313,0.12111947317660611,0
0.06157879617044313,0.12111947317660611,0
0.06157879617044313,0.4407005364965452,0
0.06157879617044313,0.4407005364965452,0
0.06157879617044313,0.5320094117308135,0
0.06157879617044313,0.5776638493479477,0
0.06157879617044313,0.5776638493479477,0
0.06157879617044313,0.5776638493479477,0
0.06157879617044313,0.5776638493479477,0
0.06157879617044313,0.5776638493479477,0
-0.05569859282260269,-1.3398225305716869,80
-0.05569859282260269,-1.2941680929545527,47
-0.05569859282260269,-1.2485136553374185,8
-0.05569859282260269,-1.2028592177202844,8
-0.05569859282260269,-1.1572047801031502,8
-0.05569859282260269,-1.111550342486016,7
-0.05569859282260269,-1.065895904868882,6
-0.05569859282260269,-1.020241467251748,6
-0.05569859282260269,-0.9745870296346136,5
-0.05569859282260269,-0.9289325920174795,3
-0.05569859282260269,-0.8832781544003454,3
-0.05569859282260269,-0.8376237167832112,3
-0.05569859282260269,-0.7919692791660771,2
-0.05569859282260269,-0.7463148415489429,2
-0.05569859282260269,-0.7006604039318087,2
-0.05569859282260269,-0.6550059663146746,2
-0.05569859282260269,-0.6093515286975404,2
-0.05569859282260269,-0.6093515286975404,2
-0.05569859282260269,-0.518042653463272,2
-0.05569859282260269,-0.47238821584613794,1
-0.05569859282260269,-0.42673377822900377,1
-0.05569859282260269,-0.3810793406118696,1
-0.05569859282260269,-0.3354249029947355,1
-0.05569859282260269,-0.3354249029947355,1
-0.05569859282260269,-0.3354249029947355,1
-0.05569859282260269,-0.198461590143333,0
-0.05569859282260269,-0.15280715252619884,0
-0.05569859282260269,-0.10715271490906468,0
-0.05569859282260269,-0.06149827729193052,0
-0.05569859282260269,-0.015843839674796363,0
-0.05569859282260269,0.029810597942337796,0
-0.05569859282260269,0.07546503555947195,0
-0.05569859282260269,0.07546503555947195,0
-0.05569859282260269,0.16677391079374027,0
-0.05569859282260269,0.21242834841087443,0
-0.05569859282260269,0.21242834841087443,0
-0.1729759818156485,-1.3398225305716869,49
-0.1729759818156485,-1.2941680929545527,40
-0.1729759818156485,-1.2485136553374185,34
-0.1729759818156485,-1.2028592177202844,10
-0.1729759818156485,-1.1572047801031502,9
-0.1729759818156485,-1.111550342486016,7
-0.1729759818156485,-1.065895904868882,6
-0.1729759818156485,-1.020241467251748,6
-0.1729759818156485,-0.9745870296346136,4
-0.1729759818156485,-0.9289325920174795,4
-0.1729759818156485,-0.8832781544003454,4
-0.1729759818156485,-0.8376237167832112,4
-0.1729759818156485,-0.7919692791660771,3
-0.1729759818156485,-0.7463148415489429,2
-0.1729759818156485,-0.7006604039318087,2
-0.1729759818156485,-0.6550059663146746,2
-0.1729759818156485,-0.6093515286975404,2
-0.1729759818156485,-0.5636970910804062,2
-0.1729759818156485,-0.518042653463272,1
-0.1729759818156485,-0.47238821584613794,1
-0.1729759818156485,-0.42673377822900377,1
-0.1729759818156485,-0.42673377822900377,1
-0.1729759818156485,-0.42673377822900377,1
-0.1729759818156485,-0.2897704653776013,1
-0.1729759818156485,-0.24411602776046715,1
-0.1729759818156485,-0.198461590143333,1
-0.1729759818156485,-0.15280715252619884,0
-0.1729759818156485,-0.10715271490906468,0
-0.1729759818156485,-0.06149827729193052,0
-0.1729759818156485,-0.015843839674796363,0
-0.1729759818156485,-0.015843839674796363,0
-0.1729759818156485,0.07546503555947195,0
-0.1729759818156485,0.12111947317660611,0
-0.1729759818156485,0.16677391079374027,0
-0.1729759818156485,0.16677391079374027,0
-0.1729759818156485,0.2580827860280086,0
-0.1729759818156485,0.3037372236451427,0
-0.1729759818156485,0.3037372236451427,0
-0.1729759818156485,0.3037372236451427,0
-0.1729759818156485,0.3037372236451427,0
-0.1729759818156485,0.3037372236451427,0
-0.29025337080869434,-1.3398225305716869,50
-0.29025337080869434,-1.2941680929545527,33
-0.29025337080869434,-1.2485136553374185,20
-0.29025337080869434,-1.2028592177202844,13
-0.29025337080869434,-1.1572047801031502,13
-0.29025337080869434,-1.111550342486016,8
-0.29025337080869434,-1.065895904868882,7
-0.29025337080869434,-1.020241467251748,6
-0.29025337080869434,-0.9745870296346136,6
-0.29025337080869434,-0.9289325920174795,5
-0.29025337080869434,-0.8832781544003454,4
-0.29025337080869434,-0.8376237167832112,4
-0.29025337080869434,-0.7919692791660771,3
-0.29025337080869434,-0.7463148415489429,3
-0.29025337080869434,-0.7463148415489429,3
-0.29025337080869434,-0.6550059663146746,3
-0.29025337080869434,-0.6093515286975404,2
-0.29025337080869434,-0.5636970910804062,2
-0.29025337080869434,-0.518042653463272,2
-0.29025337080869434,-0.47238821584613794,2
-0.29025337080869434,-0.42673377822900377,2
-0.29025337080869434,-0.3810793406118696,1
-0.29025337080869434,-0.3354249029947355,1
-0.29025337080869434,-0.2897704653776013,1
-0.29025337080869434,-0.24411602776046715,1
-0.29025337080869434,-0.198461590143333,0
-0.29025337080869434,-0.15280715252619884,0
-0.29025337080869434,-0.10715271490906468,0
-0.29025337080869434,-0.06149827729193052,0
-0.29025337080869434,-0.06149827729193052,0
-0.29025337080869434,0.029810597942337796,0
-0.29025337080869434,0.029810597942337796,0
-0.29025337080869434,0.12111947317660611,0
-0.29025337080869434,0.12111947317660611,0
-0.29025337080869434,0.12111947317660611,0
-0.29025337080869434,0.12111947317660611,0
-0.29025337080869434,0.12111947317660611,0
-0.29025337080869434,0.12111947317660611,0
-0.29025337080869434,0.12111947317660611,0
-0.29025337080869434,0.12111947317660611,0
-0.29025337080869434,0.4863549741136794,0
-0.29025337080869434,0.4863549741136794,0
-0.29025337080869434,0.5776638493479477,0
-0.29025337080869434,0.5776638493479477,0
-0.29025337080869434,0.5776638493479477,0
-0.29025337080869434,0.5776638493479477,0
-0.29025337080869434,0.5776638493479477,0
-0.29025337080869434,0.5776638493479477,0
-0.40753075980174014,-1.3398225305716869,45
-0.40753075980174014,-1.2941680929545527,29
-0.40753075980174014,-1.2485136553374185,11
-0.40753075980174014,-1.2028592177202844,10
-0.40753075980174014,-1.1572047801031502,9
-0.40753075980174014,-1.111550342486016,7
-0.40753075980174014,-1.065895904868882,7
-0.40753075980174014,-1.020241467251748,5
-0.40753075980174014,-0.9745870296346136,5
-0.40753075980174014,-0.9289325920174795,5
-0.40753075980174014,-0.8832781544003454,5
-0.40753075980174014,-0.8376237167832112,4
-0.40753075980174014,-0.7919692791660771,3
-0.40753075980174014,-0.7463148415489429,3
-0.40753075980174014,-0.7006604039318087,3
-0.40753075980174014,-0.6550059663146746,3
-0.40753075980174014,-0.6093515286975404,3
-0.40753075980174014,-0.5636970910804062,2
-0.40753075980174014,-0.518042653463272,2
-0.40753075980174014,-0.47238821584613794,2
-0.40753075980174014,-0.42673377822900377,2
-0.40753075980174014,-0.3810793406118696,1
-0.40753075980174014,-0.3354249029947355,1
-0.40753075980174014,-0.2897704653776013,1
-0.40753075980174014,-0.24411602776046715,1
-0.40753075980174014,-0.24411602776046715,1
-0.40753075980174014,-0.15280715252619884,1
-0.40753075980174014,-0.10715271490906468,1
-0.40753075980174014,-0.06149827729193052,1
-0.40753075980174014,-0.06149827729193052,1
-0.40753075980174014,0.029810597942337796,0
-0.40753075980174014,0.07546503555947195,0
-0.40753075980174014,0.12111947317660611,0
-0.40753075980174014,0.16677391079374027,0
-0.40753075980174014,0.21242834841087443,0
-0.40753075980174014,0.2580827860280086,0
-0.40753075980174014,0.2580827860280086,0
-0.40753075980174014,0.2580827860280086,0
-0.40753075980174014,0.39504609887941106,0
-0.40753075980174014,0.39504609887941106,0
-0.40753075980174014,0.4863549741136794,0
-0.40753075980174014,0.5320094117308135,0
-0.40753075980174014,0.5320094117308135,0
-0.40753075980174014,0.5320094117308135,0
-0.524808148794786,-1.3398225305716869,36
-0.524808148794786,-1.2941680929545527,30
-0.524808148794786,-1.2485136553374185,16
-0.524808148794786,-1.2028592177202844,10
-0.524808148794786,-1.1572047801031502,10
-0.524808148794786,-1.111550342486016,10
-0.524808148794786,-1.065895904868882,7
-0.524808148794786,-1.020241467251748,6
-0.524808148794786,-0.9745870296346136,5
-0.524808148794786,-0.9289325920174795,4
-0.524808148794786,-0.8832781544003454,3
-0.524808148794786,-0.8376237167832112,3
-0.524808148794786,-0.8376237167832112,3
-0.524808148794786,-0.7463148415489429,2
-0.524808148794786,-0.7006604039318087,2
-0.524808148794786,-0.6550059663146746,2
-0.524808148794786,-0.6093515286975404,2
-0.524808148794786,-0.5636970910804062,2
-0.524808148794786,-0.518042653463272,2
-0.524808148794786,-0.47238821584613794,2
-0.524808148794786,-0.42673377822900377,1
-0.524808148794786,-0.3810793406118696,1
-0.524808148794786,-0.3810793406118696,1
-0.524808148794786,-0.2897704653776013,1
-0.524808148794786,-0.2897704653776013,1
-0.524808148794786,-0.2897704653776013,1
-0.524808148794786,-0.15280715252619884,0
-0.524808148794786,-0.10715271490906468,0
-0.524808148794786,-0.06149827729193052,0
-0.524808148794786,-0.015843839674796363,0
-0.524808148794786,-0.015843839674796363,0
-0.524808148794786,-0.015843839674796363,0
-0.524808148794786,-0.015843839674796363,0
-0.524808148794786,0.16677391079374027,0
-0.524808148794786,0.21242834841087443,0
-0.524808148794786,0.21242834841087443,0
-0.524808148794786,0.21242834841087443,0
-0.524808148794786,0.21242834841087443,0
-0.524808148794786,0.21242834841087443,0
-0.524808148794786,0.21242834841087443,0
-0.524808148794786,0.21242834841087443,0
-0.6420855377878317,-1.3398225305716869,43
-0.6420855377878317,-1.2941680929545527,34
-0.6420855377878317,-1.2485136553374185,13
-0.6420855377878317,-1.2028592177202844,12
-0.6420855377878317,-1.1572047801031502,8
-0.6420855377878317,-1.111550342486016,7
-0.6420855377878317,-1.065895904868882,6
-0.6420855377878317,-1.020241467251748,4
-0.6420855377878317,-0.9745870296346136,4
-0.6420855377878317,-0.9289325920174795,3
-0.6420855377878317,-0.8832781544003454,3
-0.6420855377878317,-0.8376237167832112,2
-0.6420855377878317,-0.7919692791660771,2
-0.6420855377878317,-0.7463148415489429,2
-0.6420855377878317,-0.7006604039318087,1
-0.6420855377878317,-0.6550059663146746,1
-0.6420855377878317,-0.6093515286975404,1
-0.6420855377878317,-0.5636970910804062,1
-0.6420855377878317,-0.5636970910804062,1
-0.6420855377878317,-0.47238821584613794,1
-0.6420855377878317,-0.42673377822900377,1
-0.6420855377878317,-0.42673377822900377,1
-0.6420855377878317,-0.42673377822900377,1
-0.6420855377878317,-0.2897704653776013,0
-0.6420855377878317,-0.24411602776046715,0
-0.6420855377878317,-0.198461590143333,0
-0.6420855377878317,-0.15280715252619884,0
-0.6420855377878317,-0.10715271490906468,0
-0.6420855377878317,-0.10715271490906468,0
-0.6420855377878317,-0.015843839674796363,0
-0.6420855377878317,-0.015843839674796363,0
-0.6420855377878317,0.07546503555947195,0
-0.6420855377878317,0.07546503555947195,0
-0.6420855377878317,0.07546503555947195,0
-0.6420855377878317,0.07546503555947195,0
-0.6420855377878317,0.07546503555947195,0
-0.6420855377878317,0.07546503555947195,0
-0.6420855377878317,0.07546503555947195,0
-0.6420855377878317,0.39504609887941106,0
-0.6420855377878317,0.39504609887941106,0
-0.6420855377878317,0.4863549741136794,0
-0.6420855377878317,0.4863549741136794,0
-0.6420855377878317,0.4863549741136794,0
-0.6420855377878317,0.4863549741136794,0
-0.7593629267808776,-1.3398225305716869,37
-0.7593629267808776,-1.2941680929545527,32
-0.7593629267808776,-1.2485136553374185,13
-0.7593629267808776,-1.2028592177202844,9
-0.7593629267808776,-1.1572047801031502,8
-0.7593629267808776,-1.111550342486016,8
-0.7593629267808776,-1.065895904868882,6
-0.7593629267808776,-1.020241467251748,6
-0.7593629267808776,-0.9745870296346136,5
-0.7593629267808776,-0.9289325920174795,4
-0.7593629267808776,-0.8832781544003454,4
-0.7593629267808776,-0.8376237167832112,3
-0.7593629267808776,-0.7919692791660771,3
-0.7593629267808776,-0.7463148415489429,2
-0.7593629267808776,-0.7006604039318087,2
-0.7593629267808776,-0.6550059663146746,2
-0.7593629267808776,-0.6093515286975404,1
-0.7593629267808776,-0.5636970910804062,1
-0.7593629267808776,-0.518042653463272,1
-0.7593629267808776,-0.47238821584613794,1
-0.7593629267808776,-0.42673377822900377,1
-0.7593629267808776,-0.3810793406118696,1
-0.7593629267808776,-0.3354249029947355,1
-0.7593629267808776,-0.2897704653776013,1
-0.7593629267808776,-0.2897704653776013,1
-0.7593629267808776,-0.198461590143333,0
-0.7593629267808776,-0.15280715252619884,0
-0.7593629267808776,-0.10715271490906468,0
-0.7593629267808776,-0.06149827729193052,0
-0.7593629267808776,-0.06149827729193052,0
-0.7593629267808776,0.029810597942337796,0
-0.7593629267808776,0.029810597942337796,0
-0.7593629267808776,0.12111947317660611,0
-0.7593629267808776,0.16677391079374027,0
-0.7593629267808776,0.21242834841087443,0
-0.7593629267808776,0.21242834841087443,0
-0.7593629267808776,0.21242834841087443,0
-0.7593629267808776,0.21242834841087443,0
-0.8766403157739234,-1.3398225305716869,40
-0.8766403157739234,-1.2941680929545527,22
-0.8766403157739234,-1.2485136553374185,16
-0.8766403157739234,-1.2028592177202844,12
-0.8766403157739234,-1.1572047801031502,8
-0.8766403157739234,-1.111550342486016,7
-0.8766403157739234,-1.065895904868882,6
-0.8766403157739234,-1.020241467251748,6
-0.8766403157739234,-0.9745870296346136,6
-0.8766403157739234,-0.9289325920174795,3
-0.8766403157739234,-0.8832781544003454,2
-0.8766403157739234,-0.8376237167832112,2
-0.8766403157739234,-0.7919692791660771,2
-0.8766403157739234,-0.7463148415489429,2
-0.8766403157739234,-0.7006604039318087,2
-0.8766403157739234,-0.6550059663146746,2
-0.8766403157739234,-0.6093515286975404,1
-0.8766403157739234,-0.5636970910804062,1
-0.8766403157739234,-0.518042653463272,1
-0.8766403157739234,-0.47238821584613794,1
-0.8766403157739234,-0.42673377822900377,1
-0.8766403157739234,-0.42673377822900377,1
-0.8766403157739234,-0.3354249029947355,1
-0.8766403157739234,-0.2897704653776013,1
-0.8766403157739234,-0.2897704653776013,1
-0.8766403157739234,-0.198461590143333,1
-0.8766403157739234,-0.15280715252619884,1
-0.8766403157739234,-0.10715271490906468,0
-0.8766403157739234,-0.06149827729193052,0
-0.8766403157739234,-0.015843839674796363,0
-0.8766403157739234,0.029810597942337796,0
-0.8766403157739234,0.07546503555947195,0
-0.8766403157739234,0.07546503555947195,0
-0.8766403157739234,0.16677391079374027,0
-0.8766403157739234,0.16677391079374027,0
-0.8766403157739234,0.16677391079374027,0
-0.8766403157739234,0.3037372236451427,0
-0.8766403157739234,0.3037372236451427,0
-0.8766403157739234,0.3037372236451427,0
-0.8766403157739234,0.4407005364965452,0
-0.8766403157739234,0.4407005364965452,0
-0.8766403157739234,0.4407005364965452,0
-0.8766403157739234,0.4407005364965452,0
-0.9939177047669693,-1.3398225305716869,38
-0.9939177047669693,-1.2941680929545527,17
-0.9939177047669693,-1.2485136553374185,11
-0.9939177047669693,-1.2028592177202844,10
-0.9939177047669693,-1.1572047801031502,10
-0.9939177047669693,-1.111550342486016,9
-0.9939177047669693,-1.065895904868882,6
-0.9939177047669693,-1.020241467251748,6
-0.9939177047669693,-0.9745870296346136,5
-0.9939177047669693,-0.9289325920174795,5
-0.9939177047669693,-0.8832781544003454,5
-0.9939177047669693,-0.8376237167832112,4
-0.9939177047669693,-0.7919692791660771,3
-0.9939177047669693,-0.7463148415489429,2
-0.9939177047669693,-0.7006604039318087,2
-0.9939177047669693,-0.6550059663146746,2
-0.9939177047669693,-0.6093515286975404,2
-0.9939177047669693,-0.5636970910804062,2
-0.9939177047669693,-0.518042653463272,1
-0.9939177047669693,-0.47238821584613794,1
-0.9939177047669693,-0.42673377822900377,1
-0.9939177047669693,-0.3810793406118696,1
-0.9939177047669693,-0.3354249029947355,1
-0.9939177047669693,-0.3354249029947355,1
-0.9939177047669693,-0.24411602776046715,0
-0.9939177047669693,-0.198461590143333,0
-0.9939177047669693,-0.15280715252619884,0
-0.9939177047669693,-0.15280715252619884,0
-0.9939177047669693,-0.06149827729193052,0
-0.9939177047669693,-0.06149827729193052,0
-0.9939177047669693,-0.06149827729193052,0
-0.9939177047669693,-0.06149827729193052,0
-0.9939177047669693,0.12111947317660611,0
-0.9939177047669693,0.12111947317660611,0
-0.9939177047669693,0.21242834841087443,0
-0.9939177047669693,0.21242834841087443,0
-0.9939177047669693,0.21242834841087443,0
-0.9939177047669693,0.21242834841087443,0
-1.3457498717461067,-1.3398225305716869,38
-1.3457498717461067,-1.2941680929545527,24
-1.3457498717461067,-1.2485136553374185,10
-1.3457498717461067,-1.2028592177202844,9
-1.3457498717461067,-1.1572047801031502,8
-1.3457498717461067,-1.111550342486016,7
-1.3457498717461067,-1.065895904868882,6
-1.3457498717461067,-1.020241467251748,6
-1.3457498717461067,-0.9745870296346136,6
-1.3457498717461067,-0.9289325920174795,5
-1.3457498717461067,-0.8832781544003454,4
-1.3457498717461067,-0.8376237167832112,4
-1.3457498717461067,-0.7919692791660771,3
-1.3457498717461067,-0.7463148415489429,2
-1.3457498717461067,-0.7463148415489429,2
-1.3457498717461067,-0.6550059663146746,2
-1.3457498717461067,-0.6093515286975404,1
-1.3457498717461067,-0.5636970910804062,1
-1.3457498717461067,-0.518042653463272,1
-1.3457498717461067,-0.47238821584613794,1
-1.3457498717461067,-0.47238821584613794,1
-1.3457498717461067,-0.3810793406118696,0
-1.3457498717461067,-0.3354249029947355,0
-1.3457498717461067,-0.2897704653776013,0
-1.3457498717461067,-0.24411602776046715,0
-1.3457498717461067,-0.24411602776046715,0
-1.3457498717461067,-0.24411602776046715,0
-1.3457498717461067,-0.10715271490906468,0
-1.3457498717461067,-0.10715271490906468,0
-1.3457498717461067,-0.015843839674796363,0
-1.3457498717461067,-0.015843839674796363,0
-1.3457498717461067,-0.015843839674796363,0
-1.4630272607391526,-1.3398225305716869,44
-1.4630272607391526,-1.2941680929545527,12
-1.4630272607391526,-1.2485136553374185,11
-1.4630272607391526,-1.2028592177202844,10
-1.4630272607391526,-1.1572047801031502,7
-1.4630272607391526,-1.111550342486016,6
-1.4630272607391526,-1.065895904868882,5
-1.4630272607391526,-1.020241467251748,5
-1.4630272607391526,-0.9745870296346136,5
-1.4630272607391526,-0.9289325920174795,3
-1.4630272607391526,-0.8832781544003454,3
-1.4630272607391526,-0.8376237167832112,3
-1.4630272607391526,-0.7919692791660771,2
-1.4630272607391526,-0.7463148415489429,2
-1.4630272607391526,-0.7006604039318087,2
-1.4630272607391526,-0.6550059663146746,2
-1.4630272607391526,-0.6093515286975404,1
-1.4630272607391526,-0.5636970910804062,1
-1.4630272607391526,-0.518042653463272,1
-1.4630272607391526,-0.47238821584613794,0
-1.4630272607391526,-0.42673377822900377,0
-1.4630272607391526,-0.3810793406118696,0
-1.4630272607391526,-0.3810793406118696,0
-1.4630272607391526,-0.3810793406118696,0
-1.4630272607391526,-0.24411602776046715,0
-1.4630272607391526,-0.198461590143333,0
-1.4630272607391526,-0.198461590143333,0
-1.4630272607391526,-0.198461590143333,0
-1.5803046497321984,-1.3398225305716869,22
-1.5803046497321984,-1.2941680929545527,10
-1.5803046497321984,-1.2485136553374185,8
-1.5803046497321984,-1.2028592177202844,7
-1.5803046497321984,-1.1572047801031502,7
-1.5803046497321984,-1.111550342486016,7
-1.5803046497321984,-1.065895904868882,6
-1.5803046497321984,-1.020241467251748,6
-1.5803046497321984,-0.9745870296346136,4
-1.5803046497321984,-0.9289325920174795,4
-1.5803046497321984,-0.8832781544003454,3
-1.5803046497321984,-0.8376237167832112,3
-1.5803046497321984,-0.7919692791660771,3
-1.5803046497321984,-0.7463148415489429,2
-1.5803046497321984,-0.7006604039318087,2
-1.5803046497321984,-0.6550059663146746,2
-1.5803046497321984,-0.6093515286975404,2
-1.5803046497321984,-0.5636970910804062,2
-1.5803046497321984,-0.518042653463272,1
-1.5803046497321984,-0.518042653463272,1
-1.5803046497321984,-0.42673377822900377,1
-1.5803046497321984,-0.42673377822900377,1
-1.5803046497321984,-0.3354249029947355,1
-1.5803046497321984,-0.2897704653776013,1
-1.5803046497321984,-0.2897704653776013,1
-1.5803046497321984,-0.2897704653776013,1
-1.5803046497321984,-0.2897704653776013,1
-1.5803046497321984,-0.2897704653776013,1
-1.5803046497321984,-0.06149827729193052,0
-1.5803046497321984,-0.015843839674796363,0
-1.5803046497321984,-0.015843839674796363,0
-1.5803046497321984,0.07546503555947195,0
-1.5803046497321984,0.07546503555947195,0
-1.697582038725244,-1.3398225305716869,45
-1.697582038725244,-1.2941680929545527,14
-1.697582038725244,-1.2485136553374185,13
-1.697582038725244,-1.2028592177202844,9
-1.697582038725244,-1.1572047801031502,8
-1.697582038725244,-1.111550342486016,7
-1.697582038725244,-1.065895904868882,5
-1.697582038725244,-1.020241467251748,4
-1.697582038725244,-0.9745870296346136,4
-1.697582038725244,-0.9289325920174795,3
-1.697582038725244,-0.8832781544003454,3
-1.697582038725244,-0.8376237167832112,2
-1.697582038725244,-0.7919692791660771,2
-1.697582038725244,-0.7463148415489429,2
-1.697582038725244,-0.7006604039318087,1
-1.697582038725244,-0.6550059663146746,1
-1.697582038725244,-0.6093515286975404,1
-1.697582038725244,-0.5636970910804062,1
-1.697582038725244,-0.518042653463272,1
-1.697582038725244,-0.47238821584613794,0
-1.697582038725244,-0.47238821584613794,0
-1.697582038725244,-0.3810793406118696,0
-1.697582038725244,-0.3354249029947355,0
-1.697582038725244,-0.3354249029947355,0
-1.697582038725244,-0.3354249029947355,0
-1.697582038725244,-0.3354249029947355,0
-1.697582038725244,-0.3354249029947355,0
-1.81485942771829,-1.3398225305716869,41
-1.81485942771829,-1.2941680929545527,19
-1.81485942771829,-1.2485136553374185,15
-1.81485942771829,-1.2028592177202844,14
-1.81485942771829,-1.1572047801031502,14
-1.81485942771829,-1.111550342486016,13
-1.81485942771829,-1.065895904868882,13
-1.81485942771829,-1.020241467251748,9
-1.81485942771829,-0.9745870296346136,4
-1.81485942771829,-0.9289325920174795,3
-1.81485942771829,-0.8832781544003454,3
-1.81485942771829,-0.8376237167832112,3
-1.81485942771829,-0.7919692791660771,2
-1.81485942771829,-0.7463148415489429,1
-1.81485942771829,-0.7006604039318087,1
-1.81485942771829,-0.6550059663146746,0
-1.81485942771829,-0.6093515286975404,0
-1.81485942771829,-0.6093515286975404,0
-1.81485942771829,-0.518042653463272,0
-1.81485942771829,-0.518042653463272,0
-1.81485942771829,-0.42673377822900377,0
-1.81485942771829,-0.3810793406118696,0
-2.0494142057043816,-1.3398225305716869,26
-2.0494142057043816,-1.2941680929545527,23
-2.0494142057043816,-1.2485136553374185,10
-2.0494142057043816,-1.2028592177202844,9
-2.0494142057043816,-1.1572047801031502,7
-2.0494142057043816,-1.111550342486016,6
-2.0494142057043816,-1.065895904868882,5
-2.0494142057043816,-1.020241467251748,4
-2.0494142057043816,-0.9745870296346136,3
-2.0494142057043816,-0.9289325920174795,3
-2.0494142057043816,-0.9289325920174795,3
-2.0494142057043816,-0.8376237167832112,2
-2.0494142057043816,-0.7919692791660771,2
-2.0494142057043816,-0.7463148415489429,1
-2.0494142057043816,-0.7006604039318087,1
-2.0494142057043816,-0.6550059663146746,1
-2.0494142057043816,-0.6093515286975404,0
-2.0494142057043816,-0.5636970910804062,0
-2.0494142057043816,-0.518042653463272,0
-2.1666915946974274,-1.3398225305716869,56
-2.1666915946974274,-1.2941680929545527,23
-2.1666915946974274,-1.2485136553374185,8
-2.1666915946974274,-1.2028592177202844,5
-2.1666915946974274,-1.1572047801031502,3
-2.1666915946974274,-1.111550342486016,3
-2.1666915946974274,-1.065895904868882,3
-2.1666915946974274,-1.020241467251748,2
-2.1666915946974274,-0.9745870296346136,2
-2.1666915946974274,-0.9289325920174795,1
-2.1666915946974274,-0.8832781544003454,1
-2.1666915946974274,-0.8376237167832112,1
-2.1666915946974274,-0.7919692791660771,1
-2.1666915946974274,-0.7463148415489429,1
-2.1666915946974274,-0.7006604039318087,0
-2.1666915946974274,-0.6550059663146746,0
-2.1666915946974274,-0.6093515286975404,0
-2.1666915946974274,-0.6093515286975404,0
-2.1666915946974274,-0.518042653463272,0
-2.2839689836904733,-1.3398225305716869,77
-2.2839689836904733,-1.2941680929545527,4
-2.2839689836904733,-1.2485136553374185,4
-2.2839689836904733,-1.2028592177202844,3
-2.2839689836904733,-1.1572047801031502,2
-2.2839689836904733,-1.111550342486016,2
-2.2839689836904733,-1.065895904868882,1
-2.2839689836904733,-1.020241467251748,1
-2.2839689836904733,-0.9745870296346136,1
-2.2839689836904733,-0.9289325920174795,1
-2.2839689836904733,-0.8832781544003454,1
-2.2839689836904733,-0.8376237167832112,0
-2.2839689836904733,-0.7919692791660771,0
-2.401246372683519,-1.3398225305716869,31
-2.401246372683519,-1.2941680929545527,20
-2.401246372683519,-1.2485136553374185,20
-2.401246372683519,-1.2028592177202844,6
-2.401246372683519,-1.1572047801031502,6
-2.401246372683519,-1.111550342486016,4
-2.401246372683519,-1.065895904868882,3
-2.401246372683519,-1.020241467251748,1
-2.401246372683519,-0.9745870296346136,1
-2.401246372683519,-0.9745870296346136,1
-2.401246372683519,-0.8832781544003454,1
-2.401246372683519,-0.8376237167832112,1
-2.401246372683519,-0.7919692791660771,1
-2.401246372683519,-0.7463148415489429,0
-2.401246372683519,-0.7006604039318087,0
-2.401246372683519,-0.6550059663146746,0
-2.401246372683519,-0.6093515286975404,0
-2.401246372683519,-0.5636970910804062,0
-2.401246372683519,-0.518042653463272,0
-2.518523761676565,-1.3398225305716869,11
-2.518523761676565,-1.2941680929545527,10
-2.518523761676565,-1.2485136553374185,6
-2.518523761676565,-1.2028592177202844,5
-2.518523761676565,-1.1572047801031502,2
-2.518523761676565,-1.111550342486016,2
-2.518523761676565,-1.065895904868882,2
-2.518523761676565,-1.020241467251748,2
-2.518523761676565,-0.9745870296346136,1
-2.518523761676565,-0.9289325920174795,1
-2.518523761676565,-0.8832781544003454,1
